USERNAME,PASSWORD
alan1, koala
alan2, koala
alan3, koala
alan4, koala
alan5, koala
alan6, koala
alan7, koala
alan8, koala
alan9, koala
alan10, koala
alan11, koala
alan12, koala
alan13, koala
alan14, koala
alan15, koala
alan16, koala
alan17, koala
alan18, koala
alan19, koala
alan20, koala
alan21, koala
alan22, koala
alan23, koala
alan24, koala
alan25, koala
alan26, koala
alan27, koala
alan28, koala
alan29, koala
alan30, koala
alan31, koala
alan32, koala
alan33, koala
alan34, koala
alan35, koala
alan36, koala
alan37, koala
alan38, koala
alan39, koala
alan40, koala
alan41, koala
alan42, koala
alan43, koala
alan44, koala
alan45, koala
alan46, koala
alan47, koala
alan48, koala
alan49, koala
alan50, koala